Chr,Start,End,GeneID,Homolog_Anolis,Homolog_Python,Homolog_Thamnophis,baseMean,log2FoldChange,lfcSE,pvalue,padj
scaffold-Z,47779613,47795917,maker-scaffold-Z-augustus-gene-159.4,LOC107983016,ACPP,LOC106550725,423.2828539,1.196998284,2.771170737,0.000156705,0.021508385
scaffold-ma3,113341848,113384091,maker-scaffold-ma3-augustus-gene-378.8,mcoln2,MCOLN2,MCOLN2,16.54566377,-2.885989089,2.752921161,0.00021125,0.027377839
scaffold-ma1,142274298,142290368,augustus_masked-scaffold-ma1-processed-gene-474.5,dhrs7b,DHRS7B,LOC106539589,61.88263888,3.541813862,1.326582181,4.25e-05,0.008110481
scaffold-ma5,76204124,76206169,augustus_masked-scaffold-ma5-processed-gene-254.1,LOC103278163,AKAP3,AKAP3,75.73312137,5.028751499,2.967109995,1.85e-05,0.004734899
scaffold-ma5,77528739,77546286,augustus_masked-scaffold-ma5-processed-gene-258.4,nceh1,NCEH1,NCEH1,45.20515325,2.583899854,2.435739142,0.000366906,0.038790378
scaffold-ma2,4757964,4758398,augustus_masked-scaffold-ma2-processed-gene-15.10,NA,NA,LOC106544366,15.37034401,4.918663261,3.967231537,1.37e-05,0.004119413
scaffold-ma2,130044080,130044932,maker-scaffold-ma2-augustus-gene-433.7,LOC103277701,TIMP1,LOC106554122,100.0080501,1.568382288,2.744928579,0.000332615,0.036550652
scaffold-un870,3590,4186,augustus_masked-scaffold-un870-processed-gene-0.0,NA,NA,NA,76.8303152,2.632534315,1.492524208,0.000204353,0.027097593
scaffold-un144,20302,37987,maker-scaffold-un144-augustus-gene-0.3,NA,NA,NA,73.06877018,4.223257884,1.370780836,1.59e-05,0.004585384
